canonical_borrower_id,bdc_name,manager,mark,others_min_drift,other_manager,other_mark_now,other_mark_before
036b00c24852,STELLUS PRIVATE CREDIT BDC,stellus,0.9897934080605353,-0.3458671381902375,pennantpark,0.5327,0.8786
1730296781de,"GOLUB CAPITAL BDC, INC.",golub,0.9624173180998196,-0.14254187870762397,carlyle,0.8228,0.9653
1730296781de,GOLUB CAPITAL DIRECT LENDING CORP,golub,0.9540481400437637,-0.14254187870762397,carlyle,0.8228,0.9653
1e759e9af838,AUDAX CREDIT BDC INC.,audax,1.0018494934462825,-0.07751937984496127,antares,0.9225,1.0
20ff1d8fb2ee,MONROE CAPITAL CORP,monroe,1.0041674743167281,-0.9557526439273344,goldman,0.0637,1.0194
20ff1d8fb2ee,MONROE CAPITAL INCOME PLUS CORP,monroe,1.0020427781783225,-0.9557526439273344,goldman,0.0637,1.0194
215be92fd320,"INVESTCORP CREDIT MANAGEMENT BDC, INC.",investcorp,0.9987256476395749,-0.5504928653014071,monroe,0.1967,0.7472
299c222db255,ARES CAPITAL CORP,ares,0.9653979238754326,-0.0859239191443616,franklin_bsp,0.9146,1.0005
299c222db255,AUDAX CREDIT BDC INC.,audax,0.9856890731768125,-0.0859239191443616,franklin_bsp,0.9146,1.0005
2a51fc676115,FRANKLIN BSP CAPITAL CORP,franklin_bsp,0.9480632273753691,-0.10743161107965027,stone,1.0084,1.1158
3dc22c5b078f,FRANKLIN BSP CAPITAL CORP,franklin_bsp,1.0024157397718612,-0.0818714596872171,stone,0.9214,1.0033
53d28b795fdc,KENNEDY LEWIS CAPITAL CO,kennedy,1.0211586689807555,-0.2061756931835404,star,0.4478,0.654
59e8a9450a6f,MONROE CAPITAL INCOME PLUS CORP,monroe,1.009549795361528,-0.4097645424415859,goldman,0.5508,0.9605
5a8e09e4fa4d,AUDAX CREDIT BDC INC.,audax,1.0040054424465408,-0.10317460317460314,nuveen_churchill,0.8294,0.9325
699d14e90509,MAIN STREET CAPITAL CORP,main_street,1.0,-0.09443141404802313,investcorp,0.3985,0.493
699d14e90509,"MSC INCOME FUND, INC.",main_street,1.0,-0.09443141404802313,investcorp,0.3985,0.493
6bba4fc9e88e,"GOLUB CAPITAL BDC, INC.",golub,0.9849154228855721,-0.7280589213589926,morgan_stanley,0.2719,1.0
6bba4fc9e88e,GOLUB CAPITAL DIRECT LENDING CORP,golub,1.0059435364041605,-0.7280589213589926,morgan_stanley,0.2719,1.0
6bba4fc9e88e,GOLUB CAPITAL PRIVATE CREDIT FUND,golub,1.0165977961432506,-0.7280589213589926,morgan_stanley,0.2719,1.0
750be21990d5,CION INVESTMENT CORP,cion,0.9473623589034784,-0.13736752602842006,hancock,0.8083,0.9457
7559ee6ae371,"BARINGS BDC, INC.",barings,1.0033110199380983,-0.10539735896103009,cion,0.8955,1.0009
7559ee6ae371,MAIN STREET CAPITAL CORP,main_street,0.9612956354652759,-0.10539735896103009,cion,0.8955,1.0009
7559ee6ae371,"MSC INCOME FUND, INC.",main_street,0.961426440292676,-0.10539735896103009,cion,0.8955,1.0009
7913e1d0966c,"GOLUB CAPITAL BDC, INC.",golub,0.8072888139877817,-0.09054273441200433,hps,0.6625,0.7531
7baa42e256a1,ARES CAPITAL CORP,ares,1.0,-0.07818981842797967,varagon,0.8164,0.8946
7cbdd4e997c3,BRIGHTWOOD CAPITAL CORP I,brightwood,0.9623443368254596,-0.13939597977839135,morgan_stanley,0.7512,0.8906
7cbdd4e997c3,TPG TWIN BROOK CAPITAL INCOME FUND,twin_brook,1.0021243826013064,-0.13939597977839135,morgan_stanley,0.7512,0.8906
7e878451694a,FIDUS INVESTMENT CORP,fidus,1.004306323117778,-0.2400000033086347,blackrock,0.785,1.025
84f9bd6d9aa4,"GOLUB CAPITAL BDC, INC.",golub,1.0182312490004797,-0.0730924328364011,morgan_stanley,1.002,1.0751
84f9bd6d9aa4,GOLUB CAPITAL DIRECT LENDING CORP,golub,1.0221928277483834,-0.0730924328364011,morgan_stanley,1.002,1.0751
84f9bd6d9aa4,GOLUB CAPITAL DIRECT LENDING UNLEVERED CORP,golub,1.0219204193471527,-0.0730924328364011,morgan_stanley,1.002,1.0751
84f9bd6d9aa4,"GOLUB CAPITAL BDC 4, INC.",golub,1.021892146538824,-0.0730924328364011,morgan_stanley,1.002,1.0751
84f9bd6d9aa4,GOLUB CAPITAL PRIVATE CREDIT FUND,golub,1.0215991414005903,-0.0730924328364011,morgan_stanley,1.002,1.0751
8cd0fa72b38b,NEW MOUNTAIN FINANCE CORP,new_mountain,1.0396111283483298,-0.16605598590357595,crescent,1.0891,1.2552
8cd0fa72b38b,BLUE OWL CAPITAL CORP,blue_owl,1.0,-0.16605598590357595,crescent,1.0891,1.2552
8cd0fa72b38b,CAPITAL SOUTHWEST CORP,capital,1.0,-0.16605598590357595,crescent,1.0891,1.2552
90d3fa53c466,CION INVESTMENT CORP,cion,0.9747490299932253,-0.07016333636727512,redwood,0.9018,0.9719
93842390e833,BLUE OWL CREDIT INCOME CORP.,blue_owl,0.8910776361529548,-0.09613273242840004,blackstone,0.9051,1.0013
97a01063083c,APOLLO DEBT SOLUTIONS BDC,apollo,0.9914982490190287,-0.16535433070866146,nuveen_churchill,0.4488,0.6142
9c17b41af4e1,TRINITY CAPITAL INC.,trinity,1.0,-0.19999999999999996,slr,0.8,1.0
a0bc3102b597,PENNANTPARK FLOATING RATE CAPITAL LTD.,pennantpark,1.0,-0.19276636767187338,blue_owl,0.7932,0.986
abc485e022d1,"BARINGS BDC, INC.",barings,1.0014619883040936,-0.4382690595456553,varagon,0.5392,0.9775
abc485e022d1,BARINGS CAPITAL INVESTMENT CORP,barings,1.0,-0.4382690595456553,varagon,0.5392,0.9775
abc485e022d1,BARINGS PRIVATE CREDIT CORP,barings,0.9991332440312032,-0.4382690595456553,varagon,0.5392,0.9775
abfca78c8a0c,MORGAN STANLEY DIRECT LENDING FUND,morgan_stanley,0.8274857142857143,-0.07939999999999992,stone,0.8443,0.9237
b3a4a77cbb24,"CRESCENT CAPITAL BDC, INC.",crescent,0.9970919665576155,-0.7995828738931219,varagon,0.1844,0.984
b3a4a77cbb24,"BAIN CAPITAL SPECIALTY FINANCE, INC.",bain,0.9922848244620611,-0.7995828738931219,varagon,0.1844,0.984
ba4e2b3a3bd8,NEW MOUNTAIN FINANCE CORP,new_mountain,1.0050843615402054,-0.11552126340202273,blackrock,1.0557,1.1712
ba4e2b3a3bd8,"NMF SLF I, INC.",new_mountain,1.0050093926111459,-0.11552126340202273,blackrock,1.0557,1.1712
ba4e2b3a3bd8,"NEW MOUNTAIN GUARDIAN III BDC, L.L.C.",new_mountain,1.0058066389238363,-0.11552126340202273,blackrock,1.0557,1.1712
ba4e2b3a3bd8,MORGAN STANLEY DIRECT LENDING FUND,morgan_stanley,1.0320018687222612,-0.11552126340202273,blackrock,1.0557,1.1712
ba4e2b3a3bd8,NORTH HAVEN PRIVATE INCOME FUND LLC,morgan_stanley,1.032091192089361,-0.11552126340202273,blackrock,1.0557,1.1712
ba4e2b3a3bd8,T. ROWE PRICE OHA SELECT PRIVATE CREDIT FUND,oha,1.0162561920044653,-0.11552126340202273,blackrock,1.0557,1.1712
ba4e2b3a3bd8,"NEW MOUNTAIN GUARDIAN IV BDC, L.L.C.",new_mountain,1.0,-0.11552126340202273,blackrock,1.0557,1.1712
ba4e2b3a3bd8,OHA SENIOR PRIVATE LENDING FUND (U) LLC,oha,1.0251728907330566,-0.11552126340202273,blackrock,1.0557,1.1712
ba4e2b3a3bd8,"NEW MOUNTAIN GUARDIAN IV INCOME FUND, L.L.C.",new_mountain,1.0,-0.11552126340202273,blackrock,1.0557,1.1712
c30e1774ed57,OFS CAPITAL CORP,ofs,0.9292885202968136,-0.1754006372302706,carlyle,0.775,0.9504
c30e1774ed57,FS SPECIALTY LENDING FUND,kkr_fs,1.0169498725573491,-0.1754006372302706,carlyle,0.775,0.9504
c30e1774ed57,"HANCOCK PARK CORPORATE INCOME, INC.",hancock,0.9290212083953663,-0.1754006372302706,carlyle,0.775,0.9504
c30e1774ed57,HPS CORPORATE LENDING FUND,hps,0.9745742667928098,-0.1754006372302706,carlyle,0.775,0.9504
c30e1774ed57,NORTH HAVEN PRIVATE INCOME FUND LLC,morgan_stanley,0.9673688558446922,-0.1754006372302706,carlyle,0.775,0.9504
d78bba7ce506,"GOLUB CAPITAL BDC, INC.",golub,0.9557028551815862,-0.09999999999999998,ares,0.9,1.0
d78bba7ce506,"BAIN CAPITAL SPECIALTY FINANCE, INC.",bain,0.9731733914940022,-0.09999999999999998,ares,0.9,1.0
d78bba7ce506,MORGAN STANLEY DIRECT LENDING FUND,morgan_stanley,0.9365358732788074,-0.09999999999999998,ares,0.9,1.0
d78bba7ce506,T. ROWE PRICE OHA SELECT PRIVATE CREDIT FUND,oha,0.9878240377062059,-0.09999999999999998,ares,0.9,1.0
d84c1c91da7c,OAKTREE SPECIALTY LENDING CORP,oaktree,0.9977304307549791,-0.11096444444444446,barings,0.781,0.892
e74c5933d732,VARAGON CAPITAL CORP,varagon,1.0150795867076237,-0.28439176611579864,goldman,0.3404,0.6247
f748546736d6,"GOLUB CAPITAL BDC, INC.",golub,0.9522380504736423,-0.16666666666666663,ares,0.8333,1.0
f748546736d6,BLACKSTONE SECURED LENDING FUND,blackstone,0.9494808812357559,-0.16666666666666663,ares,0.8333,1.0
f748546736d6,BLACKSTONE PRIVATE CREDIT FUND,blackstone,0.9520783363418313,-0.16666666666666663,ares,0.8333,1.0
f748546736d6,T. ROWE PRICE OHA SELECT PRIVATE CREDIT FUND,oha,0.99404869251578,-0.16666666666666663,ares,0.8333,1.0
f748546736d6,GOLUB CAPITAL PRIVATE CREDIT FUND,golub,0.9712831469146663,-0.16666666666666663,ares,0.8333,1.0
f748546736d6,OHA SENIOR PRIVATE LENDING FUND (U) LLC,oha,1.0008603383997705,-0.16666666666666663,ares,0.8333,1.0
